{
  "policy_type": "mlp",
  "observation_size": 8,
  "action_size": 4,
  "hidden_size": 32,
  "parameters": [
    -0.07027486711740494,
    0.5559113025665283,
    0.20814983546733856,
    -0.3607613146305084,
    -0.08950512111186981,
    0.7292301058769226,
    -0.9017637968063354,
    0.6321107149124146,
    -0.3370247483253479,
    0.43031635880470276,
    -0.2290964424610138,
    0.4386971890926361,
    0.3496817648410797,
    -0.9192652702331543,
    -0.8798809051513672,
    -0.21453189849853516,
    -0.5712642073631287,
    -0.5258911848068237,
    0.3980485200881958,
    -0.27615809440612793,
    -0.3453786075115204,
    -0.26745620369911194,
    -0.5572100281715393,
    -0.27938058972358704,
    -0.44655337929725647,
    0.8390104174613953,
    0.6746111512184143,
    0.03795682266354561,
    0.5996559858322144,
    0.33903878927230835,
    -0.08797045052051544,
    -0.014142411760985851,
    -0.07447990030050278,
    0.8482633829116821,
    0.503290593624115,
    -0.19448222219944,
    -0.49997663497924805,
    -0.45783451199531555,
    0.0648052841424942,
    0.2676840126514435,
    0.16715984046459198,
    -0.43557724356651306,
    0.11277300119400024,
    0.40416190028190613,
    -1.021999716758728,
    -0.5332743525505066,
    -0.5416736006736755,
    -0.25989025831222534,
    -0.10909515619277954,
    -0.3839971423149109,
    0.003306275000795722,
    -1.3984180688858032,
    0.0576869435608387,
    -0.4299517273902893,
    0.833739161491394,
    -0.8065752983093262,
    -0.6658256649971008,
    -0.4624432325363159,
    0.5991432070732117,
    -0.7181016802787781,
    0.059454601258039474,
    0.536841630935669,
    0.11461837589740753,
    -0.7012315392494202,
    -0.03733611851930618,
    -0.06478698551654816,
    -0.18412575125694275,
    -0.39983174204826355,
    0.3281056582927704,
    0.10443239659070969,
    0.4859743118286133,
    0.4347253739833832,
    -0.40074002742767334,
    -0.301467627286911,
    0.8860946297645569,
    -1.0989036560058594,
    0.6451683640480042,
    0.7984464168548584,
    0.009783315472304821,
    0.29444238543510437,
    1.5338523387908936,
    -0.41759493947029114,
    0.5718393921852112,
    0.30794480443000793,
    -0.2489531934261322,
    0.5245774388313293,
    0.3858608305454254,
    -0.25831249356269836,
    0.639912486076355,
    -0.22584976255893707,
    -0.006060101091861725,
    0.15838123857975006,
    0.9058866500854492,
    0.6932311058044434,
    0.4879521429538727,
    -0.12185785919427872,
    0.564610481262207,
    -0.8652389645576477,
    -0.4151517450809479,
    0.5343379974365234,
    0.40753600001335144,
    0.7742493152618408,
    0.7860579490661621,
    -0.07416793704032898,
    -0.5507333278656006,
    -0.736422061920166,
    0.2597665786743164,
    0.2599344849586487,
    1.1600737571716309,
    -0.0998278334736824,
    0.480696439743042,
    1.1582739353179932,
    0.4430660307407379,
    1.1826508045196533,
    0.6418496370315552,
    -0.335210382938385,
    -0.6103909015655518,
    0.09490112960338593,
    0.4889526069164276,
    -0.15532149374485016,
    0.6376392245292664,
    0.20161212980747223,
    -0.054387062788009644,
    -0.045619796961545944,
    -0.11682293564081192,
    -0.0457422137260437,
    -0.06633566319942474,
    0.2629989683628082,
    -0.6490373015403748,
    -0.2634549140930176,
    -0.5279762148857117,
    -0.8970457911491394,
    -0.04547727108001709,
    -1.3532987833023071,
    -0.7218661308288574,
    -0.3270874321460724,
    -0.8396201133728027,
    -0.0275696013122797,
    0.4798486530780792,
    -0.10071159899234772,
    -0.607202410697937,
    0.4658616781234741,
    0.2873557209968567,
    -0.6378393769264221,
    0.38143038749694824,
    -0.004513998981565237,
    0.022757437080144882,
    -0.18167097866535187,
    -0.2916843593120575,
    -0.42664840817451477,
    -0.00566245848312974,
    -0.32567641139030457,
    -0.23474052548408508,
    0.24302935600280762,
    -0.1521742194890976,
    -0.6860949993133545,
    -0.4831607937812805,
    0.4474429488182068,
    0.8058211803436279,
    -0.03533932566642761,
    -0.1967867612838745,
    -0.2014095038175583,
    0.1457194685935974,
    0.009476715698838234,
    1.221899390220642,
    -0.0724811851978302,
    -0.0614662691950798,
    0.2792813777923584,
    0.5570494532585144,
    -0.20454609394073486,
    -0.37053558230400085,
    0.022280516102910042,
    0.09961328655481339,
    -0.026356395334005356,
    0.9284729957580566,
    0.3145947754383087,
    0.6618238091468811,
    0.5844550132751465,
    -0.7602154016494751,
    -0.33198633790016174,
    -0.09000945091247559,
    0.04060349985957146,
    0.12175922095775604,
    -0.43929803371429443,
    0.2472715526819229,
    -0.48800113797187805,
    0.3125189244747162,
    0.6831693053245544,
    0.13664713501930237,
    0.15381407737731934,
    1.1355819702148438,
    0.06844371557235718,
    -0.33153077960014343,
    -0.45030900835990906,
    -0.25238993763923645,
    0.2008132040500641,
    -0.3268931806087494,
    0.471186101436615,
    -0.295736700296402,
    -0.5678593516349792,
    -0.2864096760749817,
    0.20063409209251404,
    -0.12057008594274521,
    0.25952693819999695,
    0.257231205701828,
    1.0002938508987427,
    0.9398359656333923,
    0.20636999607086182,
    0.4787362217903137,
    0.12201116234064102,
    -0.3222735524177551,
    0.470594584941864,
    -0.7593678832054138,
    1.565853238105774,
    -0.25322508811950684,
    -0.2643977701663971,
    -0.11434035003185272,
    -0.23777763545513153,
    -1.0575565099716187,
    0.802532434463501,
    -0.44402214884757996,
    -0.5466466546058655,
    -0.34431496262550354,
    0.1982111930847168,
    0.6244593262672424,
    0.14162608981132507,
    0.9214817881584167,
    0.6391992568969727,
    -0.0408194437623024,
    -0.5017613172531128,
    0.4771261513233185,
    0.04696786031126976,
    0.18893501162528992,
    0.312949538230896,
    0.10940460115671158,
    -0.15467917919158936,
    -0.4601443409919739,
    0.7322519421577454,
    0.309835821390152,
    0.33420810103416443,
    -0.313541054725647,
    0.34482672810554504,
    -0.4726995825767517,
    -0.3622114658355713,
    0.7643311619758606,
    1.0066851377487183,
    0.42944663763046265,
    -0.9389277696609497,
    0.29136553406715393,
    -0.5226806402206421,
    0.3532775342464447,
    0.7250234484672546,
    -0.055805567651987076,
    -0.8882421255111694,
    -0.14609116315841675,
    -0.5370134711265564,
    -0.044160984456539154,
    -0.22632576525211334,
    0.7548231482505798,
    -1.1403379440307617,
    -0.34071001410484314,
    -0.20994879305362701,
    -0.34989187121391296,
    -0.06357883661985397,
    0.18911953270435333,
    0.9235192537307739,
    -0.010101796127855778,
    -0.9608168005943298,
    -0.0806584358215332,
    -0.21240092813968658,
    0.4757215082645416,
    -0.12837663292884827,
    0.629056990146637,
    -0.714350163936615,
    -1.1509424448013306,
    0.27408862113952637,
    0.6052926778793335,
    -0.32146990299224854,
    0.25196507573127747,
    -0.13162614405155182,
    1.0253674983978271,
    0.5000157356262207,
    0.1459081918001175,
    0.09283410012722015,
    0.7986823320388794,
    0.09179157018661499,
    0.11095640808343887,
    0.05483854189515114,
    0.251021146774292,
    1.2048237323760986,
    -0.1341499537229538,
    0.3920665681362152,
    -0.46333926916122437,
    0.1647179275751114,
    -0.8324986100196838,
    0.787189781665802,
    0.49378812313079834,
    0.05174345150589943,
    -0.60599684715271,
    1.0945390462875366,
    0.9366270899772644,
    -0.5544118881225586,
    -0.3483287990093231,
    -0.3272537887096405,
    -0.2880442142486572,
    -0.18175680935382843,
    0.11828338354825974,
    -0.5994421243667603,
    0.4946039915084839,
    -0.04052894935011864,
    -0.014555309899151325,
    0.7022174000740051,
    0.6127412915229797,
    0.03930966928601265,
    -0.2048140913248062,
    0.20869560539722443,
    -0.14338929951190948,
